,image_name,path_to_image_dir,path_to_model,label_filename,path_to_label_dir,path_to_saved_model,scale,detection_scores,detection_multiclass_scores,detection_classes,detection_anchor_indices,detection_boxes,raw_detection_boxes,raw_detection_scores
0,20000X_0043,/Users/mariograndi/TensorFlow/workspace/yt_tutorial/images/test/20000X_0043.jpeg,/Users/mariograndi/TensorFlow/workspace/yt_tutorial/exported-models/my_faster_rcnn_model/,label_map.pbtxt,/Users/mariograndi/TensorFlow/workspace/yt_tutorial/annotations/label_map.pbtxt,/Users/mariograndi/TensorFlow/workspace/yt_tutorial/exported-models/my_faster_rcnn_model/saved_model,1.7654,0.9273670315742493,[0.07263298 0.92736703],1,106.0,[0.77554774 0.4407113  0.7967025  0.46598062],[0.17467646 0.94906497 0.19585587 0.9774889 ],[0.946816   0.05318395]
1,20000X_0043,/Users/mariograndi/TensorFlow/workspace/yt_tutorial/images/test/20000X_0043.jpeg,/Users/mariograndi/TensorFlow/workspace/yt_tutorial/exported-models/my_faster_rcnn_model/,label_map.pbtxt,/Users/mariograndi/TensorFlow/workspace/yt_tutorial/annotations/label_map.pbtxt,/Users/mariograndi/TensorFlow/workspace/yt_tutorial/exported-models/my_faster_rcnn_model/saved_model,1.7654,0.9217709898948669,[0.07822909 0.921771  ],1,73.0,[0.7565672 0.468043  0.7800724 0.4916059],[0.20629348 0.94472563 0.2243032  0.96719563],[0.993393   0.00660696]
2,20000X_0043,/Users/mariograndi/TensorFlow/workspace/yt_tutorial/images/test/20000X_0043.jpeg,/Users/mariograndi/TensorFlow/workspace/yt_tutorial/exported-models/my_faster_rcnn_model/,label_map.pbtxt,/Users/mariograndi/TensorFlow/workspace/yt_tutorial/annotations/label_map.pbtxt,/Users/mariograndi/TensorFlow/workspace/yt_tutorial/exported-models/my_faster_rcnn_model/saved_model,1.7654,0.8991967439651489,[0.10080331 0.89919674],1,8.0,[0.6995727  0.55803496 0.7210711  0.58123845],[0.1978255  0.9457623  0.21750544 0.9683949 ],[0.13822408 0.86177593]
3,20000X_0043,/Users/mariograndi/TensorFlow/workspace/yt_tutorial/images/test/20000X_0043.jpeg,/Users/mariograndi/TensorFlow/workspace/yt_tutorial/exported-models/my_faster_rcnn_model/,label_map.pbtxt,/Users/mariograndi/TensorFlow/workspace/yt_tutorial/annotations/label_map.pbtxt,/Users/mariograndi/TensorFlow/workspace/yt_tutorial/exported-models/my_faster_rcnn_model/saved_model,1.7654,0.8617759346961975,[0.13822408 0.86177593],1,2.0,[0.1978255  0.9457623  0.21750544 0.9683949 ],[0.16988415 0.9518013  0.19167078 0.9777926 ],[0.45676246 0.54323757]
4,20000X_0043,/Users/mariograndi/TensorFlow/workspace/yt_tutorial/images/test/20000X_0043.jpeg,/Users/mariograndi/TensorFlow/workspace/yt_tutorial/exported-models/my_faster_rcnn_model/,label_map.pbtxt,/Users/mariograndi/TensorFlow/workspace/yt_tutorial/annotations/label_map.pbtxt,/Users/mariograndi/TensorFlow/workspace/yt_tutorial/exported-models/my_faster_rcnn_model/saved_model,1.7654,0.8520260453224182,[0.14797395 0.85202605],1,228.0,[0.7373849  0.5131228  0.7573308  0.53410876],[0.4964331  0.6328886  0.51154983 0.6481419 ],[0.81089675 0.18910317]
5,20000X_0043,/Users/mariograndi/TensorFlow/workspace/yt_tutorial/images/test/20000X_0043.jpeg,/Users/mariograndi/TensorFlow/workspace/yt_tutorial/exported-models/my_faster_rcnn_model/,label_map.pbtxt,/Users/mariograndi/TensorFlow/workspace/yt_tutorial/annotations/label_map.pbtxt,/Users/mariograndi/TensorFlow/workspace/yt_tutorial/exported-models/my_faster_rcnn_model/saved_model,1.7654,0.8473869562149048,[0.15261303 0.84738696],1,82.0,[0.22725289 0.22048742 0.24441023 0.24048534],[0.22697346 0.9728558  0.24084501 0.98397565],[9.999995e-01 4.475247e-07]
6,20000X_0043,/Users/mariograndi/TensorFlow/workspace/yt_tutorial/images/test/20000X_0043.jpeg,/Users/mariograndi/TensorFlow/workspace/yt_tutorial/exported-models/my_faster_rcnn_model/,label_map.pbtxt,/Users/mariograndi/TensorFlow/workspace/yt_tutorial/annotations/label_map.pbtxt,/Users/mariograndi/TensorFlow/workspace/yt_tutorial/exported-models/my_faster_rcnn_model/saved_model,1.7654,0.7925026416778564,[0.20749733 0.79250264],1,11.0,[0.60804766 0.43059686 0.62324876 0.44369784],[0.24499556 0.96575075 0.26166335 0.97695965],[9.9999452e-01 5.4464417e-06]
7,20000X_0043,/Users/mariograndi/TensorFlow/workspace/yt_tutorial/images/test/20000X_0043.jpeg,/Users/mariograndi/TensorFlow/workspace/yt_tutorial/exported-models/my_faster_rcnn_model/,label_map.pbtxt,/Users/mariograndi/TensorFlow/workspace/yt_tutorial/annotations/label_map.pbtxt,/Users/mariograndi/TensorFlow/workspace/yt_tutorial/exported-models/my_faster_rcnn_model/saved_model,1.7654,0.7679444551467896,[0.23205559 0.76794446],1,61.0,[0.4996294  0.6359493  0.51382375 0.6506943 ],[0.6995727  0.55803496 0.7210711  0.58123845],[0.10080331 0.89919674]
8,20000X_0043,/Users/mariograndi/TensorFlow/workspace/yt_tutorial/images/test/20000X_0043.jpeg,/Users/mariograndi/TensorFlow/workspace/yt_tutorial/exported-models/my_faster_rcnn_model/,label_map.pbtxt,/Users/mariograndi/TensorFlow/workspace/yt_tutorial/annotations/label_map.pbtxt,/Users/mariograndi/TensorFlow/workspace/yt_tutorial/exported-models/my_faster_rcnn_model/saved_model,1.7654,0.7582302689552307,[0.2417697  0.75823027],1,261.0,[0.22841306 0.08543209 0.24595012 0.1068551 ],[0.11452009 0.9651523  0.1374246  0.98573464],[9.9999821e-01 1.7706305e-06]
9,20000X_0043,/Users/mariograndi/TensorFlow/workspace/yt_tutorial/images/test/20000X_0043.jpeg,/Users/mariograndi/TensorFlow/workspace/yt_tutorial/exported-models/my_faster_rcnn_model/,label_map.pbtxt,/Users/mariograndi/TensorFlow/workspace/yt_tutorial/annotations/label_map.pbtxt,/Users/mariograndi/TensorFlow/workspace/yt_tutorial/exported-models/my_faster_rcnn_model/saved_model,1.7654,0.7372217774391174,[0.26277816 0.7372218 ],1,237.0,[0.17034571 0.95180804 0.19510366 0.97762066],[0.31469294 0.9691321  0.32591644 0.9778568 ],[9.9999654e-01 3.4808697e-06]
10,20000X_0043,/Users/mariograndi/TensorFlow/workspace/yt_tutorial/images/test/20000X_0043.jpeg,/Users/mariograndi/TensorFlow/workspace/yt_tutorial/exported-models/my_faster_rcnn_model/,label_map.pbtxt,/Users/mariograndi/TensorFlow/workspace/yt_tutorial/annotations/label_map.pbtxt,/Users/mariograndi/TensorFlow/workspace/yt_tutorial/exported-models/my_faster_rcnn_model/saved_model,1.7654,0.6562883257865906,[0.3437116 0.6562883],1,115.0,[0.06253286 0.7331537  0.09564513 0.7659987 ],[0.6461684  0.5669817  0.66242236 0.5810199 ],[0.490836   0.50916404]
11,663 20m_100kV_20kX_0017,/Users/mariograndi/TensorFlow/workspace/yt_tutorial/images/test/663 20m_100kV_20kX_0017.jpg,/Users/mariograndi/TensorFlow/workspace/yt_tutorial/exported-models/my_faster_rcnn_model/,label_map.pbtxt,/Users/mariograndi/TensorFlow/workspace/yt_tutorial/annotations/label_map.pbtxt,/Users/mariograndi/TensorFlow/workspace/yt_tutorial/exported-models/my_faster_rcnn_model/saved_model,1.7654,0.9425398111343384,[0.05746016 0.9425398 ],1,40.0,[0.37883192 0.3633058  0.39980882 0.38526374],[0.5333365  0.95191264 0.5484215  0.97420526],[0.4788161  0.52118397]
12,663 20m_100kV_20kX_0017,/Users/mariograndi/TensorFlow/workspace/yt_tutorial/images/test/663 20m_100kV_20kX_0017.jpg,/Users/mariograndi/TensorFlow/workspace/yt_tutorial/exported-models/my_faster_rcnn_model/,label_map.pbtxt,/Users/mariograndi/TensorFlow/workspace/yt_tutorial/annotations/label_map.pbtxt,/Users/mariograndi/TensorFlow/workspace/yt_tutorial/exported-models/my_faster_rcnn_model/saved_model,1.7654,0.928759753704071,[0.07124026 0.92875975],1,53.0,[0.44328445 0.37418428 0.46524328 0.39796308],[0.18815014 0.8343284  0.20528075 0.85063064],[0.6981723  0.30182773]
13,663 20m_100kV_20kX_0017,/Users/mariograndi/TensorFlow/workspace/yt_tutorial/images/test/663 20m_100kV_20kX_0017.jpg,/Users/mariograndi/TensorFlow/workspace/yt_tutorial/exported-models/my_faster_rcnn_model/,label_map.pbtxt,/Users/mariograndi/TensorFlow/workspace/yt_tutorial/annotations/label_map.pbtxt,/Users/mariograndi/TensorFlow/workspace/yt_tutorial/exported-models/my_faster_rcnn_model/saved_model,1.7654,0.9004385471343994,[0.09956139 0.90043855],1,16.0,[0.422567   0.3804543  0.4443468  0.39966655],[0.779483   0.6365051  0.7909412  0.65057015],[0.9854784  0.01452156]
14,663 20m_100kV_20kX_0017,/Users/mariograndi/TensorFlow/workspace/yt_tutorial/images/test/663 20m_100kV_20kX_0017.jpg,/Users/mariograndi/TensorFlow/workspace/yt_tutorial/exported-models/my_faster_rcnn_model/,label_map.pbtxt,/Users/mariograndi/TensorFlow/workspace/yt_tutorial/annotations/label_map.pbtxt,/Users/mariograndi/TensorFlow/workspace/yt_tutorial/exported-models/my_faster_rcnn_model/saved_model,1.7654,0.8891714811325073,[0.11082853 0.8891715 ],1,15.0,[0.46460265 0.35146448 0.48493505 0.3741077 ],[0.53956485 0.95176715 0.55325663 0.97481066],[0.8422208  0.15777923]
15,663 20m_100kV_20kX_0017,/Users/mariograndi/TensorFlow/workspace/yt_tutorial/images/test/663 20m_100kV_20kX_0017.jpg,/Users/mariograndi/TensorFlow/workspace/yt_tutorial/exported-models/my_faster_rcnn_model/,label_map.pbtxt,/Users/mariograndi/TensorFlow/workspace/yt_tutorial/annotations/label_map.pbtxt,/Users/mariograndi/TensorFlow/workspace/yt_tutorial/exported-models/my_faster_rcnn_model/saved_model,1.7654,0.8706615567207336,[0.1293385  0.87066156],1,31.0,[0.41541338 0.41808146 0.43576008 0.43781918],[0.6086769  0.8129692  0.6250886  0.83560073],[0.51990837 0.48009163]
16,663 20m_100kV_20kX_0017,/Users/mariograndi/TensorFlow/workspace/yt_tutorial/images/test/663 20m_100kV_20kX_0017.jpg,/Users/mariograndi/TensorFlow/workspace/yt_tutorial/exported-models/my_faster_rcnn_model/,label_map.pbtxt,/Users/mariograndi/TensorFlow/workspace/yt_tutorial/annotations/label_map.pbtxt,/Users/mariograndi/TensorFlow/workspace/yt_tutorial/exported-models/my_faster_rcnn_model/saved_model,1.7654,0.8649407625198364,[0.13505928 0.86494076],1,38.0,[0.46455765 0.42299363 0.48793852 0.45028892],[0.78419065 0.63910633 0.79597676 0.6528025 ],[0.2973147 0.7026853]
17,663 20m_100kV_20kX_0017,/Users/mariograndi/TensorFlow/workspace/yt_tutorial/images/test/663 20m_100kV_20kX_0017.jpg,/Users/mariograndi/TensorFlow/workspace/yt_tutorial/exported-models/my_faster_rcnn_model/,label_map.pbtxt,/Users/mariograndi/TensorFlow/workspace/yt_tutorial/annotations/label_map.pbtxt,/Users/mariograndi/TensorFlow/workspace/yt_tutorial/exported-models/my_faster_rcnn_model/saved_model,1.7654,0.8632427453994751,[0.13675721 0.86324275],1,17.0,[0.48211923 0.3623762  0.5063906  0.38717288],[0.18927048 0.82906574 0.20570214 0.8431366 ],[0.5453909 0.4546092]
18,663 20m_100kV_20kX_0017,/Users/mariograndi/TensorFlow/workspace/yt_tutorial/images/test/663 20m_100kV_20kX_0017.jpg,/Users/mariograndi/TensorFlow/workspace/yt_tutorial/exported-models/my_faster_rcnn_model/,label_map.pbtxt,/Users/mariograndi/TensorFlow/workspace/yt_tutorial/annotations/label_map.pbtxt,/Users/mariograndi/TensorFlow/workspace/yt_tutorial/exported-models/my_faster_rcnn_model/saved_model,1.7654,0.8462673425674438,[0.15373261 0.84626734],1,49.0,[0.4737925  0.45210543 0.49409056 0.47034982],[0.20399515 0.8555397  0.2216125  0.87938964],[0.89191663 0.10808339]
19,663 20m_100kV_20kX_0017,/Users/mariograndi/TensorFlow/workspace/yt_tutorial/images/test/663 20m_100kV_20kX_0017.jpg,/Users/mariograndi/TensorFlow/workspace/yt_tutorial/exported-models/my_faster_rcnn_model/,label_map.pbtxt,/Users/mariograndi/TensorFlow/workspace/yt_tutorial/annotations/label_map.pbtxt,/Users/mariograndi/TensorFlow/workspace/yt_tutorial/exported-models/my_faster_rcnn_model/saved_model,1.7654,0.843920111656189,[0.15607993 0.8439201 ],1,11.0,[0.49981216 0.3790503  0.52058214 0.40312558],[0.19246076 0.8215027  0.20822765 0.83781886],[0.9638479  0.03615208]
20,663 20m_100kV_20kX_0017,/Users/mariograndi/TensorFlow/workspace/yt_tutorial/images/test/663 20m_100kV_20kX_0017.jpg,/Users/mariograndi/TensorFlow/workspace/yt_tutorial/exported-models/my_faster_rcnn_model/,label_map.pbtxt,/Users/mariograndi/TensorFlow/workspace/yt_tutorial/annotations/label_map.pbtxt,/Users/mariograndi/TensorFlow/workspace/yt_tutorial/exported-models/my_faster_rcnn_model/saved_model,1.7654,0.837534487247467,[0.1624655 0.8375345],1,153.0,[0.38918456 0.39642075 0.41160372 0.41853258],[0.78119886 0.63907737 0.79277754 0.6511008 ],[0.918633   0.08136709]
21,663 20m_100kV_20kX_0017,/Users/mariograndi/TensorFlow/workspace/yt_tutorial/images/test/663 20m_100kV_20kX_0017.jpg,/Users/mariograndi/TensorFlow/workspace/yt_tutorial/exported-models/my_faster_rcnn_model/,label_map.pbtxt,/Users/mariograndi/TensorFlow/workspace/yt_tutorial/annotations/label_map.pbtxt,/Users/mariograndi/TensorFlow/workspace/yt_tutorial/exported-models/my_faster_rcnn_model/saved_model,1.7654,0.835654616355896,[0.16434537 0.8356546 ],1,191.0,[0.48174292 0.39714125 0.49999952 0.4153389 ],[0.39491063 0.73056304 0.40705788 0.74467397],[0.5125316 0.4874685]
22,663 20m_100kV_20kX_0017,/Users/mariograndi/TensorFlow/workspace/yt_tutorial/images/test/663 20m_100kV_20kX_0017.jpg,/Users/mariograndi/TensorFlow/workspace/yt_tutorial/exported-models/my_faster_rcnn_model/,label_map.pbtxt,/Users/mariograndi/TensorFlow/workspace/yt_tutorial/annotations/label_map.pbtxt,/Users/mariograndi/TensorFlow/workspace/yt_tutorial/exported-models/my_faster_rcnn_model/saved_model,1.7654,0.8351266980171204,[0.16487333 0.8351267 ],1,35.0,[0.49405426 0.40874618 0.5126808  0.43138468],[0.49981216 0.3790503  0.52058214 0.40312558],[0.15607993 0.8439201 ]
23,663 20m_100kV_20kX_0017,/Users/mariograndi/TensorFlow/workspace/yt_tutorial/images/test/663 20m_100kV_20kX_0017.jpg,/Users/mariograndi/TensorFlow/workspace/yt_tutorial/exported-models/my_faster_rcnn_model/,label_map.pbtxt,/Users/mariograndi/TensorFlow/workspace/yt_tutorial/annotations/label_map.pbtxt,/Users/mariograndi/TensorFlow/workspace/yt_tutorial/exported-models/my_faster_rcnn_model/saved_model,1.7654,0.8259046077728271,[0.17409544 0.8259046 ],1,66.0,[0.4318505  0.357592   0.44947642 0.378367  ],[0.64909804 0.605109   0.66367996 0.6208372 ],[0.28666762 0.71333236]
24,663 20m_100kV_20kX_0017,/Users/mariograndi/TensorFlow/workspace/yt_tutorial/images/test/663 20m_100kV_20kX_0017.jpg,/Users/mariograndi/TensorFlow/workspace/yt_tutorial/exported-models/my_faster_rcnn_model/,label_map.pbtxt,/Users/mariograndi/TensorFlow/workspace/yt_tutorial/annotations/label_map.pbtxt,/Users/mariograndi/TensorFlow/workspace/yt_tutorial/exported-models/my_faster_rcnn_model/saved_model,1.7654,0.8046132326126099,[0.19538672 0.80461323],1,69.0,[0.48545346 0.43152812 0.50479305 0.45030132],[0.782328  0.6392373 0.7948488 0.6524651],[0.500973   0.49902698]
25,663 20m_100kV_20kX_0017,/Users/mariograndi/TensorFlow/workspace/yt_tutorial/images/test/663 20m_100kV_20kX_0017.jpg,/Users/mariograndi/TensorFlow/workspace/yt_tutorial/exported-models/my_faster_rcnn_model/,label_map.pbtxt,/Users/mariograndi/TensorFlow/workspace/yt_tutorial/annotations/label_map.pbtxt,/Users/mariograndi/TensorFlow/workspace/yt_tutorial/exported-models/my_faster_rcnn_model/saved_model,1.7654,0.7787189483642578,[0.22128111 0.77871895],1,139.0,[0.13667195 0.5118754  0.16227956 0.5396919 ],[0.64914286 0.6072143  0.66275513 0.62236065],[0.3459571 0.6540429]
26,663 20m_100kV_20kX_0017,/Users/mariograndi/TensorFlow/workspace/yt_tutorial/images/test/663 20m_100kV_20kX_0017.jpg,/Users/mariograndi/TensorFlow/workspace/yt_tutorial/exported-models/my_faster_rcnn_model/,label_map.pbtxt,/Users/mariograndi/TensorFlow/workspace/yt_tutorial/annotations/label_map.pbtxt,/Users/mariograndi/TensorFlow/workspace/yt_tutorial/exported-models/my_faster_rcnn_model/saved_model,1.7654,0.7701689600944519,[0.22983105 0.77016896],1,78.0,[0.3580395  0.37131107 0.37388086 0.38538748],[0.46460265 0.35146448 0.48493505 0.3741077 ],[0.11082853 0.8891715 ]
27,663 20m_100kV_20kX_0017,/Users/mariograndi/TensorFlow/workspace/yt_tutorial/images/test/663 20m_100kV_20kX_0017.jpg,/Users/mariograndi/TensorFlow/workspace/yt_tutorial/exported-models/my_faster_rcnn_model/,label_map.pbtxt,/Users/mariograndi/TensorFlow/workspace/yt_tutorial/annotations/label_map.pbtxt,/Users/mariograndi/TensorFlow/workspace/yt_tutorial/exported-models/my_faster_rcnn_model/saved_model,1.7654,0.7618472576141357,[0.23815271 0.76184726],1,155.0,[0.18742435 0.8388392  0.20392667 0.8566371 ],[0.422567   0.3804543  0.4443468  0.39966655],[0.09956139 0.90043855]
28,663 20m_100kV_20kX_0017,/Users/mariograndi/TensorFlow/workspace/yt_tutorial/images/test/663 20m_100kV_20kX_0017.jpg,/Users/mariograndi/TensorFlow/workspace/yt_tutorial/exported-models/my_faster_rcnn_model/,label_map.pbtxt,/Users/mariograndi/TensorFlow/workspace/yt_tutorial/annotations/label_map.pbtxt,/Users/mariograndi/TensorFlow/workspace/yt_tutorial/exported-models/my_faster_rcnn_model/saved_model,1.7654,0.7311909198760986,[0.2688091 0.7311909],1,33.0,[0.60909116 0.81490564 0.6250442  0.8372735 ],[0.48211923 0.3623762  0.5063906  0.38717288],[0.13675721 0.86324275]
29,663 20m_100kV_20kX_0017,/Users/mariograndi/TensorFlow/workspace/yt_tutorial/images/test/663 20m_100kV_20kX_0017.jpg,/Users/mariograndi/TensorFlow/workspace/yt_tutorial/exported-models/my_faster_rcnn_model/,label_map.pbtxt,/Users/mariograndi/TensorFlow/workspace/yt_tutorial/annotations/label_map.pbtxt,/Users/mariograndi/TensorFlow/workspace/yt_tutorial/exported-models/my_faster_rcnn_model/saved_model,1.7654,0.7133323550224304,[0.28666762 0.71333236],1,12.0,[0.64909804 0.605109   0.66367996 0.6208372 ],[0.4871002  0.4297503  0.50630254 0.44930694],[0.26784214 0.7321579 ]
30,663 20m_100kV_20kX_0017,/Users/mariograndi/TensorFlow/workspace/yt_tutorial/images/test/663 20m_100kV_20kX_0017.jpg,/Users/mariograndi/TensorFlow/workspace/yt_tutorial/exported-models/my_faster_rcnn_model/,label_map.pbtxt,/Users/mariograndi/TensorFlow/workspace/yt_tutorial/annotations/label_map.pbtxt,/Users/mariograndi/TensorFlow/workspace/yt_tutorial/exported-models/my_faster_rcnn_model/saved_model,1.7654,0.7080124616622925,[0.2919876  0.70801246],1,61.0,[0.08939481 0.44739607 0.10679802 0.4674938 ],[0.31459132 0.38414082 0.32726362 0.39579782],[0.8530585  0.14694147]
31,663 20m_100kV_20kX_0017,/Users/mariograndi/TensorFlow/workspace/yt_tutorial/images/test/663 20m_100kV_20kX_0017.jpg,/Users/mariograndi/TensorFlow/workspace/yt_tutorial/exported-models/my_faster_rcnn_model/,label_map.pbtxt,/Users/mariograndi/TensorFlow/workspace/yt_tutorial/annotations/label_map.pbtxt,/Users/mariograndi/TensorFlow/workspace/yt_tutorial/exported-models/my_faster_rcnn_model/saved_model,1.7654,0.7026852965354919,[0.2973147 0.7026853],1,5.0,[0.78419065 0.63910633 0.79597676 0.6528025 ],[0.5510188  0.43459246 0.5720152  0.44966617],[9.999900e-01 9.982171e-06]
32,663 20m_100kV_20kX_0017,/Users/mariograndi/TensorFlow/workspace/yt_tutorial/images/test/663 20m_100kV_20kX_0017.jpg,/Users/mariograndi/TensorFlow/workspace/yt_tutorial/exported-models/my_faster_rcnn_model/,label_map.pbtxt,/Users/mariograndi/TensorFlow/workspace/yt_tutorial/annotations/label_map.pbtxt,/Users/mariograndi/TensorFlow/workspace/yt_tutorial/exported-models/my_faster_rcnn_model/saved_model,1.7654,0.6789459586143494,[0.32105407 0.67894596],1,245.0,[0.06987429 0.7382152  0.08968698 0.76009667],[0.31522477 0.6656986  0.33314592 0.6892293 ],[0.5933628 0.4066372]
33,663 20m_100kV_20kX_0017,/Users/mariograndi/TensorFlow/workspace/yt_tutorial/images/test/663 20m_100kV_20kX_0017.jpg,/Users/mariograndi/TensorFlow/workspace/yt_tutorial/exported-models/my_faster_rcnn_model/,label_map.pbtxt,/Users/mariograndi/TensorFlow/workspace/yt_tutorial/annotations/label_map.pbtxt,/Users/mariograndi/TensorFlow/workspace/yt_tutorial/exported-models/my_faster_rcnn_model/saved_model,1.7654,0.6567416191101074,[0.34325838 0.6567416 ],1,93.0,[0.53526455 0.9506122  0.55115265 0.97446764],[0.2811125  0.7193287  0.29555738 0.7334315 ],[0.9288206  0.07117936]
34,663 20m_100kV_20kX_0017,/Users/mariograndi/TensorFlow/workspace/yt_tutorial/images/test/663 20m_100kV_20kX_0017.jpg,/Users/mariograndi/TensorFlow/workspace/yt_tutorial/exported-models/my_faster_rcnn_model/,label_map.pbtxt,/Users/mariograndi/TensorFlow/workspace/yt_tutorial/annotations/label_map.pbtxt,/Users/mariograndi/TensorFlow/workspace/yt_tutorial/exported-models/my_faster_rcnn_model/saved_model,1.7654,0.6543194055557251,[0.34568056 0.6543194 ],1,72.0,[0.61012995 0.59955996 0.6250372  0.6137313 ],[0.6998558  0.8207619  0.7147423  0.83554304],[0.98962384 0.01037612]
35,663 20m_100kV_20kX_0092,/Users/mariograndi/OneDrive - University of Sussex/PC vesicles (examples)/663 20 min/663 20m_100kV_20kX_0092.jpg,/Users/mariograndi/TensorFlow/workspace/yt_tutorial/exported-models/my_faster_rcnn_model/,label_map.pbtxt,/Users/mariograndi/TensorFlow/workspace/yt_tutorial/annotations/label_map.pbtxt,/Users/mariograndi/TensorFlow/workspace/yt_tutorial/exported-models/my_faster_rcnn_model/saved_model,1.7654,0.9487679600715637,[0.05123198 0.94876796],1,77.0,[0.4760771  0.36777025 0.498538   0.38798815],[0.06253518 0.9417257  0.07994615 0.9640711 ],[0.9953556  0.00464446]
36,663 20m_100kV_20kX_0092,/Users/mariograndi/OneDrive - University of Sussex/PC vesicles (examples)/663 20 min/663 20m_100kV_20kX_0092.jpg,/Users/mariograndi/TensorFlow/workspace/yt_tutorial/exported-models/my_faster_rcnn_model/,label_map.pbtxt,/Users/mariograndi/TensorFlow/workspace/yt_tutorial/annotations/label_map.pbtxt,/Users/mariograndi/TensorFlow/workspace/yt_tutorial/exported-models/my_faster_rcnn_model/saved_model,1.7654,0.9481028318405151,[0.05189722 0.94810283],1,139.0,[0.41760522 0.4869888  0.439722   0.5072486 ],[0.14569865 0.95572186 0.1640568  0.9712213 ],[0.9942139  0.00578607]
37,663 20m_100kV_20kX_0092,/Users/mariograndi/OneDrive - University of Sussex/PC vesicles (examples)/663 20 min/663 20m_100kV_20kX_0092.jpg,/Users/mariograndi/TensorFlow/workspace/yt_tutorial/exported-models/my_faster_rcnn_model/,label_map.pbtxt,/Users/mariograndi/TensorFlow/workspace/yt_tutorial/annotations/label_map.pbtxt,/Users/mariograndi/TensorFlow/workspace/yt_tutorial/exported-models/my_faster_rcnn_model/saved_model,1.7654,0.928900420665741,[0.07109953 0.9289004 ],1,52.0,[0.4451135  0.44376975 0.46783093 0.46688807],[0.0668584  0.94143134 0.08899809 0.9608199 ],[0.9777154  0.02228464]
38,663 20m_100kV_20kX_0092,/Users/mariograndi/OneDrive - University of Sussex/PC vesicles (examples)/663 20 min/663 20m_100kV_20kX_0092.jpg,/Users/mariograndi/TensorFlow/workspace/yt_tutorial/exported-models/my_faster_rcnn_model/,label_map.pbtxt,/Users/mariograndi/TensorFlow/workspace/yt_tutorial/annotations/label_map.pbtxt,/Users/mariograndi/TensorFlow/workspace/yt_tutorial/exported-models/my_faster_rcnn_model/saved_model,1.7654,0.9279299974441528,[0.07206997 0.92793   ],1,17.0,[0.4539869  0.48200142 0.47837105 0.50986415],[0.6947319  0.30156332 0.7106851  0.3183713 ],[0.4476676 0.5523324]
39,663 20m_100kV_20kX_0092,/Users/mariograndi/OneDrive - University of Sussex/PC vesicles (examples)/663 20 min/663 20m_100kV_20kX_0092.jpg,/Users/mariograndi/TensorFlow/workspace/yt_tutorial/exported-models/my_faster_rcnn_model/,label_map.pbtxt,/Users/mariograndi/TensorFlow/workspace/yt_tutorial/annotations/label_map.pbtxt,/Users/mariograndi/TensorFlow/workspace/yt_tutorial/exported-models/my_faster_rcnn_model/saved_model,1.7654,0.9089462161064148,[0.09105378 0.9089462 ],1,20.0,[0.11654441 0.55174655 0.1420228  0.5803214 ],[0.49935594 0.35844553 0.5194005  0.37982363],[0.15676488 0.8432351 ]
40,663 20m_100kV_20kX_0092,/Users/mariograndi/OneDrive - University of Sussex/PC vesicles (examples)/663 20 min/663 20m_100kV_20kX_0092.jpg,/Users/mariograndi/TensorFlow/workspace/yt_tutorial/exported-models/my_faster_rcnn_model/,label_map.pbtxt,/Users/mariograndi/TensorFlow/workspace/yt_tutorial/annotations/label_map.pbtxt,/Users/mariograndi/TensorFlow/workspace/yt_tutorial/exported-models/my_faster_rcnn_model/saved_model,1.7654,0.9014939665794373,[0.09850605 0.90149397],1,13.0,[0.4185527  0.5109324  0.44172406 0.53589493],[0.04950963 0.95435244 0.06505977 0.96813136],[9.9987268e-01 1.2724138e-04]
41,663 20m_100kV_20kX_0092,/Users/mariograndi/OneDrive - University of Sussex/PC vesicles (examples)/663 20 min/663 20m_100kV_20kX_0092.jpg,/Users/mariograndi/TensorFlow/workspace/yt_tutorial/exported-models/my_faster_rcnn_model/,label_map.pbtxt,/Users/mariograndi/TensorFlow/workspace/yt_tutorial/annotations/label_map.pbtxt,/Users/mariograndi/TensorFlow/workspace/yt_tutorial/exported-models/my_faster_rcnn_model/saved_model,1.7654,0.8963915705680847,[0.10360847 0.8963916 ],1,9.0,[0.5680655  0.46755064 0.58922684 0.48812717],[0.30890387 0.95611155 0.33308953 0.97274494],[1.0000000e+00 3.0396768e-12]
42,663 20m_100kV_20kX_0092,/Users/mariograndi/OneDrive - University of Sussex/PC vesicles (examples)/663 20 min/663 20m_100kV_20kX_0092.jpg,/Users/mariograndi/TensorFlow/workspace/yt_tutorial/exported-models/my_faster_rcnn_model/,label_map.pbtxt,/Users/mariograndi/TensorFlow/workspace/yt_tutorial/annotations/label_map.pbtxt,/Users/mariograndi/TensorFlow/workspace/yt_tutorial/exported-models/my_faster_rcnn_model/saved_model,1.7654,0.8731693625450134,[0.12683067 0.87316936],1,116.0,[0.60467035 0.02269459 0.63434213 0.06188103],[0.00203864 0.955783   0.01431101 0.9726604 ],[9.9938357e-01 6.1638613e-04]
43,663 20m_100kV_20kX_0092,/Users/mariograndi/OneDrive - University of Sussex/PC vesicles (examples)/663 20 min/663 20m_100kV_20kX_0092.jpg,/Users/mariograndi/TensorFlow/workspace/yt_tutorial/exported-models/my_faster_rcnn_model/,label_map.pbtxt,/Users/mariograndi/TensorFlow/workspace/yt_tutorial/annotations/label_map.pbtxt,/Users/mariograndi/TensorFlow/workspace/yt_tutorial/exported-models/my_faster_rcnn_model/saved_model,1.7654,0.845003068447113,[0.15499696 0.84500307],1,31.0,[0.5131977  0.5015451  0.53486997 0.52338994],[0.10978465 0.96318024 0.13114715 0.9835805 ],[9.9997425e-01 2.5746151e-05]
44,663 20m_100kV_20kX_0092,/Users/mariograndi/OneDrive - University of Sussex/PC vesicles (examples)/663 20 min/663 20m_100kV_20kX_0092.jpg,/Users/mariograndi/TensorFlow/workspace/yt_tutorial/exported-models/my_faster_rcnn_model/,label_map.pbtxt,/Users/mariograndi/TensorFlow/workspace/yt_tutorial/annotations/label_map.pbtxt,/Users/mariograndi/TensorFlow/workspace/yt_tutorial/exported-models/my_faster_rcnn_model/saved_model,1.7654,0.8435813784599304,[0.1564186 0.8435814],1,14.0,[0.46947375 0.5316557  0.4873058  0.5521962 ],[0.5680655  0.46755064 0.58922684 0.48812717],[0.10360847 0.8963916 ]
45,663 20m_100kV_20kX_0092,/Users/mariograndi/OneDrive - University of Sussex/PC vesicles (examples)/663 20 min/663 20m_100kV_20kX_0092.jpg,/Users/mariograndi/TensorFlow/workspace/yt_tutorial/exported-models/my_faster_rcnn_model/,label_map.pbtxt,/Users/mariograndi/TensorFlow/workspace/yt_tutorial/annotations/label_map.pbtxt,/Users/mariograndi/TensorFlow/workspace/yt_tutorial/exported-models/my_faster_rcnn_model/saved_model,1.7654,0.8432350754737854,[0.15676488 0.8432351 ],1,4.0,[0.49935594 0.35844553 0.5194005  0.37982363],[0.47763783 0.370166   0.49935752 0.3900485 ],[0.08644439 0.91355556]
46,663 20m_100kV_20kX_0092,/Users/mariograndi/OneDrive - University of Sussex/PC vesicles (examples)/663 20 min/663 20m_100kV_20kX_0092.jpg,/Users/mariograndi/TensorFlow/workspace/yt_tutorial/exported-models/my_faster_rcnn_model/,label_map.pbtxt,/Users/mariograndi/TensorFlow/workspace/yt_tutorial/annotations/label_map.pbtxt,/Users/mariograndi/TensorFlow/workspace/yt_tutorial/exported-models/my_faster_rcnn_model/saved_model,1.7654,0.8424177169799805,[0.15758225 0.8424177 ],1,16.0,[0.48076499 0.4664761  0.50666225 0.49203113],[0.16706736 0.54545444 0.18085043 0.56401294],[0.55613935 0.44386065]
47,663 20m_100kV_20kX_0092,/Users/mariograndi/OneDrive - University of Sussex/PC vesicles (examples)/663 20 min/663 20m_100kV_20kX_0092.jpg,/Users/mariograndi/TensorFlow/workspace/yt_tutorial/exported-models/my_faster_rcnn_model/,label_map.pbtxt,/Users/mariograndi/TensorFlow/workspace/yt_tutorial/annotations/label_map.pbtxt,/Users/mariograndi/TensorFlow/workspace/yt_tutorial/exported-models/my_faster_rcnn_model/saved_model,1.7654,0.83940190076828,[0.16059813 0.8394019 ],1,27.0,[0.63523    0.06254441 0.6555546  0.08584838],[0.09885871 0.9566189  0.12108142 0.97963214],[9.9932194e-01 6.7805086e-04]
48,663 20m_100kV_20kX_0092,/Users/mariograndi/OneDrive - University of Sussex/PC vesicles (examples)/663 20 min/663 20m_100kV_20kX_0092.jpg,/Users/mariograndi/TensorFlow/workspace/yt_tutorial/exported-models/my_faster_rcnn_model/,label_map.pbtxt,/Users/mariograndi/TensorFlow/workspace/yt_tutorial/annotations/label_map.pbtxt,/Users/mariograndi/TensorFlow/workspace/yt_tutorial/exported-models/my_faster_rcnn_model/saved_model,1.7654,0.8117164969444275,[0.18828349 0.8117165 ],1,136.0,[0.10529545 0.14486028 0.12064682 0.16263925],[0.4185527  0.5109324  0.44172406 0.53589493],[0.09850605 0.90149397]
49,663 20m_100kV_20kX_0092,/Users/mariograndi/OneDrive - University of Sussex/PC vesicles (examples)/663 20 min/663 20m_100kV_20kX_0092.jpg,/Users/mariograndi/TensorFlow/workspace/yt_tutorial/exported-models/my_faster_rcnn_model/,label_map.pbtxt,/Users/mariograndi/TensorFlow/workspace/yt_tutorial/annotations/label_map.pbtxt,/Users/mariograndi/TensorFlow/workspace/yt_tutorial/exported-models/my_faster_rcnn_model/saved_model,1.7654,0.7901392579078674,[0.20986073 0.79013926],1,22.0,[0.41569707 0.42456812 0.43540022 0.44220036],[0.46947375 0.5316557  0.4873058  0.5521962 ],[0.1564186 0.8435814]
50,663 20m_100kV_20kX_0092,/Users/mariograndi/OneDrive - University of Sussex/PC vesicles (examples)/663 20 min/663 20m_100kV_20kX_0092.jpg,/Users/mariograndi/TensorFlow/workspace/yt_tutorial/exported-models/my_faster_rcnn_model/,label_map.pbtxt,/Users/mariograndi/TensorFlow/workspace/yt_tutorial/annotations/label_map.pbtxt,/Users/mariograndi/TensorFlow/workspace/yt_tutorial/exported-models/my_faster_rcnn_model/saved_model,1.7654,0.7677550315856934,[0.23224497 0.76775503],1,105.0,[0.43771857 0.4683985  0.46132708 0.49256396],[0.48076499 0.4664761  0.50666225 0.49203113],[0.15758225 0.8424177 ]
51,663 20m_100kV_20kX_0092,/Users/mariograndi/OneDrive - University of Sussex/PC vesicles (examples)/663 20 min/663 20m_100kV_20kX_0092.jpg,/Users/mariograndi/TensorFlow/workspace/yt_tutorial/exported-models/my_faster_rcnn_model/,label_map.pbtxt,/Users/mariograndi/TensorFlow/workspace/yt_tutorial/annotations/label_map.pbtxt,/Users/mariograndi/TensorFlow/workspace/yt_tutorial/exported-models/my_faster_rcnn_model/saved_model,1.7654,0.6701790690422058,[0.3298209  0.67017907],1,253.0,[0.6055044  0.07430763 0.62560487 0.09438439],[0.4539869  0.48200142 0.47837105 0.50986415],[0.07206997 0.92793   ]
52,663 20m_100kV_20kX_0092,/Users/mariograndi/OneDrive - University of Sussex/PC vesicles (examples)/663 20 min/663 20m_100kV_20kX_0092.jpg,/Users/mariograndi/TensorFlow/workspace/yt_tutorial/exported-models/my_faster_rcnn_model/,label_map.pbtxt,/Users/mariograndi/TensorFlow/workspace/yt_tutorial/annotations/label_map.pbtxt,/Users/mariograndi/TensorFlow/workspace/yt_tutorial/exported-models/my_faster_rcnn_model/saved_model,1.7654,0.6437724828720093,[0.35622746 0.6437725 ],1,201.0,[0.05866402 0.9471984  0.07849996 0.9667635 ],[0.967843  0.9591632 1.        0.9946927],[9.9959916e-01 4.0088425e-04]
53,663 20m_100kV_20kX_0040,/Users/mariograndi/OneDrive - University of Sussex/PC vesicles (examples)/663 20 min/663 20m_100kV_20kX_0040.jpg,/Users/mariograndi/TensorFlow/workspace/yt_tutorial/exported-models/my_faster_rcnn_model/,label_map.pbtxt,/Users/mariograndi/TensorFlow/workspace/yt_tutorial/annotations/label_map.pbtxt,/Users/mariograndi/TensorFlow/workspace/yt_tutorial/exported-models/my_faster_rcnn_model/saved_model,1.7654,0.9747469425201416,[0.025253   0.97474694],1,119.0,[0.6776938  0.8631068  0.70132333 0.89108974],[0.5925705  0.9417528  0.60776645 0.9564822 ],[0.46228474 0.53771526]
54,663 20m_100kV_20kX_0040,/Users/mariograndi/OneDrive - University of Sussex/PC vesicles (examples)/663 20 min/663 20m_100kV_20kX_0040.jpg,/Users/mariograndi/TensorFlow/workspace/yt_tutorial/exported-models/my_faster_rcnn_model/,label_map.pbtxt,/Users/mariograndi/TensorFlow/workspace/yt_tutorial/annotations/label_map.pbtxt,/Users/mariograndi/TensorFlow/workspace/yt_tutorial/exported-models/my_faster_rcnn_model/saved_model,1.7654,0.9430850148200989,[0.05691502 0.943085  ],1,16.0,[0.6858903  0.29324082 0.7139015  0.3216547 ],[0.60550076 0.94979167 0.6199283  0.9633168 ],[9.992980e-01 7.019529e-04]
55,663 20m_100kV_20kX_0040,/Users/mariograndi/OneDrive - University of Sussex/PC vesicles (examples)/663 20 min/663 20m_100kV_20kX_0040.jpg,/Users/mariograndi/TensorFlow/workspace/yt_tutorial/exported-models/my_faster_rcnn_model/,label_map.pbtxt,/Users/mariograndi/TensorFlow/workspace/yt_tutorial/annotations/label_map.pbtxt,/Users/mariograndi/TensorFlow/workspace/yt_tutorial/exported-models/my_faster_rcnn_model/saved_model,1.7654,0.9415239095687866,[0.05847605 0.9415239 ],1,29.0,[0.4958117  0.35587975 0.5185182  0.37868264],[0.2196031  0.9519539  0.23142366 0.9627217 ],[0.9576102 0.0423898]
56,663 20m_100kV_20kX_0040,/Users/mariograndi/OneDrive - University of Sussex/PC vesicles (examples)/663 20 min/663 20m_100kV_20kX_0040.jpg,/Users/mariograndi/TensorFlow/workspace/yt_tutorial/exported-models/my_faster_rcnn_model/,label_map.pbtxt,/Users/mariograndi/TensorFlow/workspace/yt_tutorial/annotations/label_map.pbtxt,/Users/mariograndi/TensorFlow/workspace/yt_tutorial/exported-models/my_faster_rcnn_model/saved_model,1.7654,0.9097426533699036,[0.0902573  0.90974265],1,96.0,[0.4789112 0.9000736 0.4972448 0.9193589],[0.7407488  0.94186056 0.75212616 0.9578507 ],[9.9999845e-01 1.5512327e-06]
57,663 20m_100kV_20kX_0040,/Users/mariograndi/OneDrive - University of Sussex/PC vesicles (examples)/663 20 min/663 20m_100kV_20kX_0040.jpg,/Users/mariograndi/TensorFlow/workspace/yt_tutorial/exported-models/my_faster_rcnn_model/,label_map.pbtxt,/Users/mariograndi/TensorFlow/workspace/yt_tutorial/annotations/label_map.pbtxt,/Users/mariograndi/TensorFlow/workspace/yt_tutorial/exported-models/my_faster_rcnn_model/saved_model,1.7654,0.8816568851470947,[0.1183431 0.8816569],1,275.0,[0.30305055 0.2068543  0.3259504  0.2284093 ],[0.5806101  0.95036674 0.5931037  0.96176755],[9.992938e-01 7.061743e-04]
58,663 20m_100kV_20kX_0040,/Users/mariograndi/OneDrive - University of Sussex/PC vesicles (examples)/663 20 min/663 20m_100kV_20kX_0040.jpg,/Users/mariograndi/TensorFlow/workspace/yt_tutorial/exported-models/my_faster_rcnn_model/,label_map.pbtxt,/Users/mariograndi/TensorFlow/workspace/yt_tutorial/annotations/label_map.pbtxt,/Users/mariograndi/TensorFlow/workspace/yt_tutorial/exported-models/my_faster_rcnn_model/saved_model,1.7654,0.8580870032310486,[0.14191298 0.858087  ],1,218.0,[0.32712168 0.64741915 0.34028888 0.6615183 ],[0.59138626 0.9353387  0.60565156 0.95145255],[0.99863154 0.00136846]
59,663 20m_100kV_20kX_0040,/Users/mariograndi/OneDrive - University of Sussex/PC vesicles (examples)/663 20 min/663 20m_100kV_20kX_0040.jpg,/Users/mariograndi/TensorFlow/workspace/yt_tutorial/exported-models/my_faster_rcnn_model/,label_map.pbtxt,/Users/mariograndi/TensorFlow/workspace/yt_tutorial/annotations/label_map.pbtxt,/Users/mariograndi/TensorFlow/workspace/yt_tutorial/exported-models/my_faster_rcnn_model/saved_model,1.7654,0.8502635359764099,[0.1497365  0.85026354],1,13.0,[0.814212   0.35552388 0.8369537  0.3800838 ],[0.61818075 0.9561147  0.6331111  0.9731148 ],[9.9955946e-01 4.4055606e-04]
60,663 20m_100kV_20kX_0040,/Users/mariograndi/OneDrive - University of Sussex/PC vesicles (examples)/663 20 min/663 20m_100kV_20kX_0040.jpg,/Users/mariograndi/TensorFlow/workspace/yt_tutorial/exported-models/my_faster_rcnn_model/,label_map.pbtxt,/Users/mariograndi/TensorFlow/workspace/yt_tutorial/annotations/label_map.pbtxt,/Users/mariograndi/TensorFlow/workspace/yt_tutorial/exported-models/my_faster_rcnn_model/saved_model,1.7654,0.7981681227684021,[0.20183185 0.7981681 ],1,15.0,[0.71469563 0.8095244  0.7379535  0.8313656 ],[0.74478453 0.94465864 0.7576974  0.96123433],[9.9949920e-01 5.0074595e-04]
61,663 20m_100kV_20kX_0040,/Users/mariograndi/OneDrive - University of Sussex/PC vesicles (examples)/663 20 min/663 20m_100kV_20kX_0040.jpg,/Users/mariograndi/TensorFlow/workspace/yt_tutorial/exported-models/my_faster_rcnn_model/,label_map.pbtxt,/Users/mariograndi/TensorFlow/workspace/yt_tutorial/annotations/label_map.pbtxt,/Users/mariograndi/TensorFlow/workspace/yt_tutorial/exported-models/my_faster_rcnn_model/saved_model,1.7654,0.7906386256217957,[0.2093614 0.7906386],1,65.0,[0.76449436 0.52933687 0.7826956  0.54790205],[0.72005904 0.95993507 0.73119974 0.96967316],[9.999330e-01 6.702235e-05]
62,663 20m_100kV_20kX_0040,/Users/mariograndi/OneDrive - University of Sussex/PC vesicles (examples)/663 20 min/663 20m_100kV_20kX_0040.jpg,/Users/mariograndi/TensorFlow/workspace/yt_tutorial/exported-models/my_faster_rcnn_model/,label_map.pbtxt,/Users/mariograndi/TensorFlow/workspace/yt_tutorial/annotations/label_map.pbtxt,/Users/mariograndi/TensorFlow/workspace/yt_tutorial/exported-models/my_faster_rcnn_model/saved_model,1.7654,0.7773154973983765,[0.22268444 0.7773155 ],1,63.0,[0.6254635  0.88525707 0.6429064  0.90314835],[0.32817623 0.6444428  0.34203562 0.6584234 ],[0.5837081  0.41629186]
63,663 20m_100kV_20kX_0040,/Users/mariograndi/OneDrive - University of Sussex/PC vesicles (examples)/663 20 min/663 20m_100kV_20kX_0040.jpg,/Users/mariograndi/TensorFlow/workspace/yt_tutorial/exported-models/my_faster_rcnn_model/,label_map.pbtxt,/Users/mariograndi/TensorFlow/workspace/yt_tutorial/annotations/label_map.pbtxt,/Users/mariograndi/TensorFlow/workspace/yt_tutorial/exported-models/my_faster_rcnn_model/saved_model,1.7654,0.7509174942970276,[0.2490825 0.7509175],1,37.0,[0.9283898 0.346245  0.9469688 0.363903 ],[0.7601454  0.53081983 0.78093004 0.54924613],[0.38948506 0.61051494]
64,663 20m_100kV_20kX_0040,/Users/mariograndi/OneDrive - University of Sussex/PC vesicles (examples)/663 20 min/663 20m_100kV_20kX_0040.jpg,/Users/mariograndi/TensorFlow/workspace/yt_tutorial/exported-models/my_faster_rcnn_model/,label_map.pbtxt,/Users/mariograndi/TensorFlow/workspace/yt_tutorial/annotations/label_map.pbtxt,/Users/mariograndi/TensorFlow/workspace/yt_tutorial/exported-models/my_faster_rcnn_model/saved_model,1.7654,0.7176805734634399,[0.28231943 0.7176806 ],1,35.0,[0.499179   0.74656636 0.517455   0.7703313 ],[0.22613741 0.9623932  0.2375357  0.9698244 ],[9.9969351e-01 3.0646537e-04]
65,663 20m_100kV_20kX_0040,/Users/mariograndi/OneDrive - University of Sussex/PC vesicles (examples)/663 20 min/663 20m_100kV_20kX_0040.jpg,/Users/mariograndi/TensorFlow/workspace/yt_tutorial/exported-models/my_faster_rcnn_model/,label_map.pbtxt,/Users/mariograndi/TensorFlow/workspace/yt_tutorial/annotations/label_map.pbtxt,/Users/mariograndi/TensorFlow/workspace/yt_tutorial/exported-models/my_faster_rcnn_model/saved_model,1.7654,0.6719973683357239,[0.32800263 0.67199737],1,97.0,[0.6035116  0.78622425 0.6263226  0.8158796 ],[0.20163687 0.96473086 0.21476875 0.9757906 ],[9.994936e-01 5.063658e-04]
66,663 20m_100kV_20kX_0040,/Users/mariograndi/OneDrive - University of Sussex/PC vesicles (examples)/663 20 min/663 20m_100kV_20kX_0040.jpg,/Users/mariograndi/TensorFlow/workspace/yt_tutorial/exported-models/my_faster_rcnn_model/,label_map.pbtxt,/Users/mariograndi/TensorFlow/workspace/yt_tutorial/annotations/label_map.pbtxt,/Users/mariograndi/TensorFlow/workspace/yt_tutorial/exported-models/my_faster_rcnn_model/saved_model,1.7654,0.6688434481620789,[0.3311565  0.66884345],1,204.0,[0.2371932  0.2069755  0.25351375 0.2256308 ],[0.814212   0.35552388 0.8369537  0.3800838 ],[0.1497365  0.85026354]
67,663 20m_100kV_20kX_0040,/Users/mariograndi/OneDrive - University of Sussex/PC vesicles (examples)/663 20 min/663 20m_100kV_20kX_0040.jpg,/Users/mariograndi/TensorFlow/workspace/yt_tutorial/exported-models/my_faster_rcnn_model/,label_map.pbtxt,/Users/mariograndi/TensorFlow/workspace/yt_tutorial/annotations/label_map.pbtxt,/Users/mariograndi/TensorFlow/workspace/yt_tutorial/exported-models/my_faster_rcnn_model/saved_model,1.7654,0.6648603081703186,[0.3351397 0.6648603],1,207.0,[0.5911947  0.94043964 0.60769206 0.957087  ],[0.7590705  0.52897394 0.7812264  0.54798365],[0.3250412 0.6749588]
68,663 20m_100kV_20kX_0040,/Users/mariograndi/OneDrive - University of Sussex/PC vesicles (examples)/663 20 min/663 20m_100kV_20kX_0040.jpg,/Users/mariograndi/TensorFlow/workspace/yt_tutorial/exported-models/my_faster_rcnn_model/,label_map.pbtxt,/Users/mariograndi/TensorFlow/workspace/yt_tutorial/annotations/label_map.pbtxt,/Users/mariograndi/TensorFlow/workspace/yt_tutorial/exported-models/my_faster_rcnn_model/saved_model,1.7654,0.6381281614303589,[0.36187187 0.63812816],1,193.0,[0.6894934  0.80034274 0.717515   0.8283668 ],[0.71469563 0.8095244  0.7379535  0.8313656 ],[0.20183185 0.7981681 ]
69,663 20m_100kV_20kX_0040,/Users/mariograndi/OneDrive - University of Sussex/PC vesicles (examples)/663 20 min/663 20m_100kV_20kX_0040.jpg,/Users/mariograndi/TensorFlow/workspace/yt_tutorial/exported-models/my_faster_rcnn_model/,label_map.pbtxt,/Users/mariograndi/TensorFlow/workspace/yt_tutorial/annotations/label_map.pbtxt,/Users/mariograndi/TensorFlow/workspace/yt_tutorial/exported-models/my_faster_rcnn_model/saved_model,1.7654,0.6014660000801086,[0.39853397 0.601466  ],1,44.0,[0.32112232 0.25281143 0.33965668 0.2716185 ],[0.6858903  0.29324082 0.7139015  0.3216547 ],[0.05691502 0.943085  ]
